,surface_temperature,surface_temperature,catch number/square nautical mile,catch number/square nautical mile
,mean,median,mean,median
0,7.49925295704503,7.6,5225.95496991077,824.0
1,7.145916955017301,7.2,41153.999307958475,36264.5
2,4.823617571059432,4.9,5348.303100775194,1197.5
3,8.41870252514884,8.5,6072.871073701499,2298.0
